Relogio - FAB 04 24 - 10.242.108.52;127.0.0.1;0.0.0.0;161;6;10186;L_635570497412677968;Q2PD-VFW8-MQZP;Relogio - de Ponto;Fabrica Natal
Relogio - FAB 04 24 - 10.242.108.53;127.0.0.1;0.0.0.0;161;6;10186;L_635570497412677968;Q2PD-VFW8-MQZP;Relogio - de Ponto;Fabrica Natal
Relogio - FAB 04 24 - 10.242.108.54;127.0.0.1;0.0.0.0;161;6;10186;L_635570497412677968;Q2PD-VFW8-MQZP;Relogio - de Ponto;Fabrica Natal
Relogio - FAB 04 24 - 10.242.108.55;127.0.0.1;0.0.0.0;161;6;10186;L_635570497412677968;Q2PD-VFW8-MQZP;Relogio - de Ponto;Fabrica Natal
Relogio - FAB 04 24 - 10.242.108.56;127.0.0.1;0.0.0.0;161;6;10186;L_635570497412677968;Q2PD-VFW8-MQZP;Relogio - de Ponto;Fabrica Natal
Relogio - FAB 04 24 - 10.242.108.57;127.0.0.1;0.0.0.0;161;6;10186;L_635570497412677968;Q2PD-VFW8-MQZP;Relogio - de Ponto;Fabrica Natal
Relogio - FAB 04 24 - 10.242.108.58;127.0.0.1;0.0.0.0;161;6;10186;L_635570497412677968;Q2PD-VFW8-MQZP;Relogio - de Ponto;Fabrica Natal
Relogio - FAB 04 24 - 10.242.108.59;127.0.0.1;0.0.0.0;161;6;10186;L_635570497412677968;Q2PD-VFW8-MQZP;Relogio - de Ponto;Fabrica Natal
Relogio - FAB 04 24 - 10.242.108.60;127.0.0.1;0.0.0.0;161;6;10186;L_635570497412677968;Q2PD-VFW8-MQZP;Relogio - de Ponto;Fabrica Natal
Relogio - FAB 04 24 - 10.242.108.61;127.0.0.1;0.0.0.0;161;6;10186;L_635570497412677968;Q2PD-VFW8-MQZP;Relogio - de Ponto;Fabrica Natal
Relogio - FAB 04 24 - 10.242.108.62;127.0.0.1;0.0.0.0;161;6;10186;L_635570497412677968;Q2PD-VFW8-MQZP;Relogio - de Ponto;Fabrica Natal
Relogio - FAB 04 24 - 10.242.108.63;127.0.0.1;0.0.0.0;161;6;10186;L_635570497412677968;Q2PD-VFW8-MQZP;Relogio - de Ponto;Fabrica Natal
Relogio - FAB 04 24 - 10.242.108.64;127.0.0.1;0.0.0.0;161;6;10186;L_635570497412677968;Q2PD-VFW8-MQZP;Relogio - de Ponto;Fabrica Natal
Relogio - FAB 04 24 - 10.242.108.65;127.0.0.1;0.0.0.0;161;6;10186;L_635570497412677968;Q2PD-VFW8-MQZP;Relogio - de Ponto;Fabrica Natal
Relogio - FAB 04 24 - 10.242.108.66;127.0.0.1;0.0.0.0;161;6;10186;L_635570497412677968;Q2PD-VFW8-MQZP;Relogio - de Ponto;Fabrica Natal
Relogio - FAB 04 24 - 10.242.108.67;127.0.0.1;0.0.0.0;161;6;10186;L_635570497412677968;Q2PD-VFW8-MQZP;Relogio - de Ponto;Fabrica Natal
Relogio - FAB 04 24 - 10.242.108.68;127.0.0.1;0.0.0.0;161;6;10186;L_635570497412677968;Q2PD-VFW8-MQZP;Relogio - de Ponto;Fabrica Natal
Relogio - FAB 04 24 - 10.242.108.69;127.0.0.1;0.0.0.0;161;6;10186;L_635570497412677968;Q2PD-VFW8-MQZP;Relogio - de Ponto;Fabrica Natal
Relogio - FAB 04 24 - 10.242.108.70;127.0.0.1;0.0.0.0;161;6;10186;L_635570497412677968;Q2PD-VFW8-MQZP;Relogio - de Ponto;Fabrica Natal
Relogio - FAB 04 24 - 10.242.108.71;127.0.0.1;0.0.0.0;161;6;10186;L_635570497412677968;Q2PD-VFW8-MQZP;Relogio - de Ponto;Fabrica Natal
Relogio - FAB 04 24 - 10.242.108.72;127.0.0.1;0.0.0.0;161;6;10186;L_635570497412677968;Q2PD-VFW8-MQZP;Relogio - de Ponto;Fabrica Natal
Relogio - FAB 04 24 - 10.242.108.73;127.0.0.1;0.0.0.0;161;6;10186;L_635570497412677968;Q2PD-VFW8-MQZP;Relogio - de Ponto;Fabrica Natal
Relogio - FAB 05 23 - 10.240.108.74;127.0.0.1;0.0.0.0;161;6;10186;L_635570497412677968;Q2PD-VFW8-MQZP;Relogio - de Ponto;Fabrica Natal
Relogio - FAB 05 23 - 10.242.108.75;127.0.0.1;0.0.0.0;161;6;10186;L_635570497412677968;Q2PD-VFW8-MQZP;Relogio - de Ponto;Fabrica Natal
Relogio - FAB 05 23 - 10.240.108.11;127.0.0.1;0.0.0.0;161;6;10186;L_635570497412677968;Q2PD-VFW8-MQZP;Relogio - de Ponto;Fabrica Natal
Relogio - FAB 05 23 - 10.242.108.77;127.0.0.1;0.0.0.0;161;6;10186;L_635570497412677968;Q2PD-VFW8-MQZP;Relogio - de Ponto;Fabrica Natal
Relogio - FAB 05 23 - 10.240.108.78;127.0.0.1;0.0.0.0;161;6;10186;L_635570497412677968;Q2PD-VFW8-MQZP;Relogio - de Ponto;Fabrica Natal
Relogio - FAB 05 23 - 10.242.108.79;127.0.0.1;0.0.0.0;161;6;10186;L_635570497412677968;Q2PD-VFW8-MQZP;Relogio - de Ponto;Fabrica Natal
Relogio - FAB 05 23 - 10.242.108.80;127.0.0.1;0.0.0.0;161;6;10186;L_635570497412677968;Q2PD-VFW8-MQZP;Relogio - de Ponto;Fabrica Natal
Relogio - FAB 05 23 - 10.242.108.81;127.0.0.1;0.0.0.0;161;6;10186;L_635570497412677968;Q2PD-VFW8-MQZP;Relogio - de Ponto;Fabrica Natal
Relogio - FAB 05 23 - 10.240.108.82;127.0.0.1;0.0.0.0;161;6;10186;L_635570497412677968;Q2PD-VFW8-MQZP;Relogio - de Ponto;Fabrica Natal
Relogio - FAB 05 23 - 10.242.108.83;127.0.0.1;0.0.0.0;161;6;10186;L_635570497412677968;Q2PD-VFW8-MQZP;Relogio - de Ponto;Fabrica Natal
Relogio - FAB 05 23 - 10.240.108.84;127.0.0.1;0.0.0.0;161;6;10186;L_635570497412677968;Q2PD-VFW8-MQZP;Relogio - de Ponto;Fabrica Natal
Relogio - FAB 05 23 - 10.242.108.85;127.0.0.1;0.0.0.0;161;6;10186;L_635570497412677968;Q2PD-VFW8-MQZP;Relogio - de Ponto;Fabrica Natal
Relogio - FAB 05 23 - 10.240.108.86;127.0.0.1;0.0.0.0;161;6;10186;L_635570497412677968;Q2PD-VFW8-MQZP;Relogio - de Ponto;Fabrica Natal
Relogio - FAB 05 23 - 10.242.108.87;127.0.0.1;0.0.0.0;161;6;10186;L_635570497412677968;Q2PD-VFW8-MQZP;Relogio - de Ponto;Fabrica Natal
Relogio - FAB 05 23 - 10.240.108.88;127.0.0.1;0.0.0.0;161;6;10186;L_635570497412677968;Q2PD-VFW8-MQZP;Relogio - de Ponto;Fabrica Natal
Relogio - FAB 05 23 - 10.240.108.89;127.0.0.1;0.0.0.0;161;6;10186;L_635570497412677968;Q2PD-VFW8-MQZP;Relogio - de Ponto;Fabrica Natal
Relogio - FAB 05 23 - 10.240.108.90;127.0.0.1;0.0.0.0;161;6;10186;L_635570497412677968;Q2PD-VFW8-MQZP;Relogio - de Ponto;Fabrica Natal
Relogio - FAB 05 23 - 10.242.108.91;127.0.0.1;0.0.0.0;161;6;10186;L_635570497412677968;Q2PD-VFW8-MQZP;Relogio - de Ponto;Fabrica Natal
Relogio - CUSTOMIZACO - 10.242.108.92;127.0.0.1;0.0.0.0;161;6;10186;L_635570497412677968;Q2PD-VFW8-MQZP;Relogio - de Ponto;Fabrica Natal
Relogio - CUSTOMIZACO - 10.242.108.93;127.0.0.1;0.0.0.0;161;6;10186;L_635570497412677968;Q2PD-VFW8-MQZP;Relogio - de Ponto;Fabrica Natal
Relogio - CUSTOMIZACO - 10.242.108.94;127.0.0.1;0.0.0.0;161;6;10186;L_635570497412677968;Q2PD-VFW8-MQZP;Relogio - de Ponto;Fabrica Natal
Relogio - CUSTOMIZACO - 10.242.108.95;127.0.0.1;0.0.0.0;161;6;10186;L_635570497412677968;Q2PD-VFW8-MQZP;Relogio - de Ponto;Fabrica Natal
Relogio - CUSTOMIZACO - 10.242.108.96;127.0.0.1;0.0.0.0;161;6;10186;L_635570497412677968;Q2PD-VFW8-MQZP;Relogio - de Ponto;Fabrica Natal
Relogio - CUSTOMIZACO - 10.242.108.97;127.0.0.1;0.0.0.0;161;6;10186;L_635570497412677968;Q2PD-VFW8-MQZP;Relogio - de Ponto;Fabrica Natal
Relogio - RH - 10.242.108.99;127.0.0.1;0.0.0.0;161;6;10186;L_635570497412677968;Q2PD-VFW8-MQZP;Relogio - de Ponto;Fabrica Natal
Relogio - REFEITORIO - 10.242.108.100;127.0.0.1;0.0.0.0;161;6;10186;L_635570497412677968;Q2PD-VFW8-MQZP;Relogio - de Ponto;Fabrica Natal
Relogio - EXPEDICO - 10.242.108.101;127.0.0.1;0.0.0.0;161;6;10186;L_635570497412677968;Q2PD-VFW8-MQZP;Relogio - de Ponto;Fabrica Natal
Relogio - CONTABILIDADE - 10.242.108.102;127.0.0.1;0.0.0.0;161;6;10186;L_635570497412677968;Q2PD-VFW8-MQZP;Relogio - de Ponto;Fabrica Natal
Relogio - ETA - 10.242.108.98;127.0.0.1;0.0.0.0;161;6;10186;L_635570497412677968;Q2PD-VFW8-MQZP;Relogio - de Ponto;Fabrica Natal
